Year,Real GDP of England at market prices,"Real UK gross disposable national income at market prices, constant border estimate",Real consumption,Real investment,Stockbuilding contribution,Real government consumption of goods and services,Export volumes,Import volumes,Population (GB+NI),Population (England),Employment,Unemployment rate,Average weekly hours worked,"Capital Services, whole economy",TFP growth,Labour productivity,"Labour share, whole economy excluding rents",Export prices,Import prices,Terms of Trade,$ Oil prices,Earnings per head,Consumer price index,Consumer price inflation,Real consumption wages,Wholesale/producer price index,Bank Rate,10 year/medium-term government bond yields,Consols / long-term government bond yields,Mortgage rates,Corporate borrowing rate from banks,Corporate bond yields,Share prices,$/£ exchange rate,Real $/£ exchange rate,Nominal ERI,Real ERI,House price index,Credit ,Secured credit,Bank of England Balance sheet,Coin in circulation outside the Bank of England,Notes and coin in circulation,Monetary base,M1,Broad Money ,Public sector Total Managed Expenditure,Public Sector Total Receipts,Public Sector Net Lending(+)/Borrowing(-),UK Public sector debt,Central Government Gross Debt,Central Government Gross Debt,Trade deficit,Current account ,Current account deficit including estimated non-monetary bullion flows,Inflation
1870,87553,108826,72974,4669,2,11080,14320,9376,27201,21102,12594,4,57,8229,7,16,1,2,3,72,4,1,1,0,66,1,3,,3,5,,4,11,6,90,90,102,0,,,8,88,125,131,,501,,,2,789,793,739,22,55,52,0.0
1871,92367,115190,75726,5188,-2,11080,16609,10964,27516,21376,12775,3,56,8426,4,17,1,2,3,75,4,1,1,3,67,2,3,,3,5,,4,14,5,96,89,104,0,,,8,95,135,141,,552,,,2,785,787,728,39,77,83,1.1
1872,92476,116446,76748,5551,-2,10886,16805,11014,27855,21669,12968,2,56,8635,-1,16,1,3,3,77,4,1,1,4,67,2,5,,3,5,,4,14,5,100,89,107,0,,,8,96,136,140,,572,,,5,779,784,731,55,97,98,4.2
1873,92935,118699,78478,5447,2,10108,16216,11510,28198,21966,13048,2,55,8832,0,16,1,3,3,79,2,1,1,1,70,2,6,,3,5,,4,14,6,105,89,109,0,,,7,97,137,143,,572,,,2,773,778,723,36,86,82,4.0
1874,96998,122981,81152,6174,2,10886,16412,11708,28545,22266,13082,3,55,9086,3,17,1,2,3,77,1,1,1,-5,73,2,6,,3,5,,4,14,5,103,89,106,0,,,6,97,138,141,,591,,,1,768,771,713,23,78,71,-3.8
1875,97771,122696,82332,6537,-2,11469,16478,12403,28897,22571,13091,3,55,9346,0,17,1,2,3,77,1,1,1,-1,74,1,4,,3,5,,4,15,6,108,90,108,0,,,6,98,141,143,,610,,,1,769,767,716,0,57,54,-2.0
1876,98094,121645,83197,6848,-1,11858,16412,12700,29254,22880,13087,4,55,9605,0,17,1,2,3,73,3,1,1,0,74,1,2,,3,5,,4,15,5,108,91,107,0,,,7,95,138,146,,612,,,1,769,769,728,-26,32,26,0.0
1877,98937,120646,84297,6848,-2,12052,16805,12998,29616,23194,12963,6,55,9870,0,17,1,2,3,70,2,1,1,0,74,1,4,,3,5,,4,16,5,103,90,101,0,,,7,94,134,139,,579,,,-1,770,769,743,-45,11,9,-1.0
1878,99274,121156,85241,6433,5,12636,17066,13097,29983,23511,12895,7,55,10101,0,18,1,2,3,72,1,1,1,-3,75,1,5,,3,5,,4,15,5,101,91,101,0,,,7,93,138,145,,549,,,-2,772,771,736,-31,23,14,-2.1
1879,97299,121938,84140,5914,-6,13996,18178,13593,30354,23833,12835,8,55,10299,-3,17,1,2,3,71,1,1,1,-4,77,1,3,,3,5,,4,17,5,96,92,100,0,,,8,90,130,144,,553,,,-7,771,772,748,-24,31,41,-4.2
1880,104989,126926,88544,5707,8,13802,20009,14635,30731,24159,13235,6,55,10462,5,18,1,2,3,70,1,1,1,2,76,1,3,,3,5,,4,19,5,95,91,102,0,268,37,8,88,126,136,,551,,,-1,767,771,754,-23,33,29,3.3
1881,107694,130237,87915,6018,-5,14191,21447,14288,31094,24474,13434,5,55,10660,0,18,1,2,3,68,1,1,1,-1,78,1,5,,3,5,,3,21,5,94,90,101,0,281,40,8,91,129,137,,573,,,1,761,765,762,3,61,64,-1.1
1882,109564,132999,89487,5966,0,14774,21840,15032,31403,24797,13654,4,55,10823,0,18,1,2,3,70,1,1,1,0,79,1,5,,3,5,,3,21,5,95,91,101,0,307,45,7,92,132,137,,592,,,0,755,760,766,0,61,60,1.1
1883,113095,134360,92476,6174,3,15357,22624,15875,31717,25013,13810,4,55,11004,2,19,1,2,3,70,1,1,1,0,79,1,3,,3,5,,3,20,5,96,91,102,0,311,46,7,89,127,134,,589,,,1,748,754,768,-12,49,48,-1.1
1884,111824,134933,92790,6070,0,15746,22494,15330,32033,25292,13767,5,55,11196,-1,19,1,2,3,70,1,1,1,-3,81,1,5,,3,5,,3,21,5,95,91,102,0,328,47,7,90,127,135,,592,,,0,741,746,758,5,70,71,-2.2
1885,110492,136635,93655,5655,-1,17301,21643,15479,32353,25574,13691,7,55,11342,-1,19,1,2,2,72,1,1,1,-3,83,1,4,,3,5,,3,20,5,94,93,104,0,325,47,7,89,125,134,,604,,,-2,741,740,725,-7,62,62,-3.3
1886,110923,140455,94206,5188,1,17107,22232,15627,32677,25859,13844,7,55,11438,0,18,1,2,2,73,1,1,1,-1,83,1,5,,3,5,,3,20,5,95,94,105,0,324,48,7,89,125,133,,606,,,0,738,742,746,5,78,78,-1.1
1887,115760,147067,97744,5344,0,16718,23474,16520,33005,26148,14089,6,55,11540,3,19,1,2,2,74,1,1,1,-2,85,1,4,,3,5,,3,20,5,92,95,106,0,331,49,7,85,120,130,,614,,,3,713,736,744,11,89,86,-1.1
1888,119893,151539,99081,5551,-1,16718,24913,17066,33336,26440,14401,5,55,11658,1,19,1,2,2,72,1,1,1,0,87,1,5,,3,5,,3,22,5,92,95,105,0,345,48,7,88,124,132,,636,,,3,699,705,723,9,92,95,1.2
1889,123776,157559,101125,5914,2,16912,26025,18554,33670,26735,14752,4,55,11799,1,19,1,2,2,72,1,1,1,1,88,1,6,,3,5,,3,23,5,96,95,103,0,357,48,7,91,127,132,,653,,,4,691,698,712,-4,83,83,1.1
1890,124945,161002,103013,6018,0,17301,25959,18554,34009,27003,14936,3,55,11946,0,19,1,2,2,75,1,1,1,0,91,1,5,,3,5,,3,24,5,97,95,104,0,366,47,7,94,131,147,,675,,,3,685,689,680,14,107,103,0.0
1891,128750,159863,107338,6329,0,17884,24717,18951,34358,27304,14968,4,55,12126,2,20,1,2,2,74,1,1,1,1,91,1,4,,3,5,,3,23,5,98,98,106,0,378,46,7,95,133,147,,693,,,3,679,684,670,-21,72,72,1.1
1892,125265,156107,106866,6485,0,17884,24521,19249,34736,27618,14974,5,55,12307,-3,19,1,2,2,74,1,1,1,0,91,1,3,,3,5,,3,22,5,99,101,109,0,378,43,7,98,134,150,,696,,,2,673,677,661,-31,63,64,0.0
1893,123949,157398,107338,6589,-2,18467,23147,18852,35119,27936,14984,6,55,12482,-1,19,1,2,2,75,1,1,1,-2,93,1,3,,3,5,,3,22,5,98,102,112,0,372,39,7,98,133,149,,689,,,0,668,671,669,-37,57,54,-1.1
1894,130419,168749,111663,6848,4,19245,24324,20390,35506,28257,15194,6,55,12668,4,20,1,2,2,76,1,1,1,-3,96,1,2,,3,5,,3,23,5,100,105,117,0,379,37,7,95,130,155,,706,,,1,661,667,670,-43,50,45,-1.1
1895,134635,173701,114415,7160,-2,20411,26090,21432,35898,28582,15328,6,55,12871,2,20,1,1,2,76,1,1,1,-1,97,1,2,,2,5,,3,25,5,101,104,116,0,404,39,7,103,139,175,,746,,,3,654,659,692,-38,55,54,-1.1
1896,140223,180049,119133,7782,2,21383,27201,22622,36294,28911,15677,5,55,13113,2,21,1,1,2,76,1,1,1,0,98,1,4,,2,5,,2,27,5,100,103,113,0,425,38,10,103,140,169,,780,,,3,647,652,716,-45,50,51,-1.2
1897,141821,181787,119841,8664,-3,21966,27332,23119,36694,29344,15884,5,55,13418,-1,20,1,1,2,76,1,1,1,2,98,1,3,,2,5,,3,28,5,104,103,110,0,436,38,8,106,143,169,,800,,,4,640,645,720,-55,41,41,2.4
1898,149038,190782,124873,10013,2,22550,27398,23912,37099,29580,16218,4,55,13796,2,21,1,1,2,75,1,1,1,2,98,1,4,,2,5,,3,29,5,105,103,111,0,447,39,8,107,144,168,,812,,,1,636,639,715,-71,29,23,0.0
1899,154849,200676,129041,10584,1,27215,28705,24408,37509,29921,16496,4,55,14230,2,21,1,2,2,77,1,1,1,-1,101,1,6,,2,5,,3,29,5,104,102,112,0,467,43,7,118,158,185,,851,,,-10,638,635,703,-55,47,48,1.1
1900,154325,198260,128727,10636,-3,35379,27528,25053,37923,30253,16691,4,55,14676,-2,21,1,2,2,81,1,1,1,4,100,1,4,,3,5,,3,31,5,107,101,115,0,470,41,7,117,159,180,,866,260,189,-71,689,639,626,-68,34,26,4.5
1901,158357,199056,131243,11206,4,39656,28248,26145,38328,30594,16672,5,55,15172,1,22,1,2,2,80,1,1,1,0,101,1,4,,3,5,,3,32,5,106,101,114,0,459,42,7,119,160,186,,856,290,207,-83,753,706,672,-82,20,20,0.0
1902,160587,199916,131951,11777,-2,37518,29425,26294,38696,30907,16768,5,55,15702,0,22,1,2,2,78,1,1,1,0,101,1,4,,3,5,,3,33,5,105,101,112,0,461,43,7,120,161,200,,881,286,226,-60,791,768,726,-77,24,16,0.0
1903,158697,197007,132501,11673,-1,33241,30602,26194,39068,31202,16838,6,55,16204,-2,21,1,2,2,77,1,1,1,1,101,1,4,,3,5,,3,32,5,103,101,111,0,466,45,7,117,157,193,,855,257,229,-28,795,798,722,-64,43,41,1.1
1904,160930,198195,134388,11569,1,32075,31125,26492,39444,31522,16753,7,55,16689,1,22,1,2,2,78,1,1,1,0,101,1,3,,3,5,,3,34,5,102,101,111,0,461,47,7,115,152,186,,854,247,229,-18,796,795,722,-59,52,52,0.0
1905,166445,205203,135175,11414,1,31880,33871,27187,39823,31844,16980,6,55,17118,1,22,1,2,2,77,1,1,1,0,101,1,4,,3,5,,3,37,5,103,100,107,0,469,48,7,121,160,187,,875,243,233,-10,791,797,730,-32,89,88,0.0
1906,170455,213785,137534,10739,-1,31492,36094,28080,40206,32171,17367,5,55,17496,0,22,1,2,2,78,1,1,1,0,102,1,6,,3,5,,3,39,5,101,99,104,0,488,49,7,122,161,191,,903,239,237,-2,782,789,701,-10,121,118,0.0
1907,174467,219115,139342,9598,-1,30908,38383,28526,40593,32653,17662,4,55,17761,0,22,1,2,2,78,1,1,1,2,103,1,7,,3,5,,3,37,5,98,100,103,0,494,50,6,124,163,195,,908,236,242,6,767,779,673,22,162,162,1.1
1908,167357,209148,138871,8093,0,31686,35571,27236,40984,32834,17312,7,55,17862,-3,22,1,2,2,78,1,1,1,1,103,1,3,,3,5,,3,39,5,101,100,102,0,496,51,6,125,164,206,,934,238,239,1,756,762,662,1,150,160,0.0
1909,171888,212922,139500,8664,1,33047,37598,28377,41380,33170,17387,8,55,18015,2,22,1,2,2,75,1,1,1,0,102,1,5,,3,5,,3,42,5,103,100,102,0,507,52,7,129,168,209,,947,252,244,-8,760,754,650,-13,142,139,1.1
1910,176791,220373,141780,8768,-1,34213,40410,29221,41767,33382,17865,6,55,18178,0,22,1,2,2,75,1,1,1,2,101,1,5,,3,5,,4,43,5,100,100,101,0,535,54,6,133,173,206,,973,262,268,6,740,763,638,8,174,171,1.1
1911,183041,229086,146026,8923,1,35185,41456,30064,42132,33704,18224,5,55,18353,2,23,1,2,2,77,1,1,1,0,102,1,4,,3,5,,4,43,5,101,100,101,0,538,54,6,141,181,215,,986,269,276,7,722,733,596,30,204,209,0.0
1912,186108,232325,146970,8923,-1,35768,43745,32247,42341,33852,18526,4,55,18528,0,23,1,2,2,77,1,1,1,3,102,1,5,,3,5,,4,43,5,102,100,100,0,559,54,6,147,186,214,,1016,283,297,14,713,718,572,20,203,205,3.1
1913,194716,243620,152317,9805,2,36546,45183,33338,42604,34055,18755,4,55,18782,3,23,1,2,2,79,1,1,1,1,104,1,5,,3,5,,4,42,5,100,100,100,0,581,54,6,156,197,245,,1075,300,311,11,707,711,547,39,235,233,-1.0
1914,199291,243409,153005,9805,1,52349,37478,31405,43017,34444,18997,3,55,19047,1,23,1,2,2,79,1,1,1,3,103,1,5,,3,5,,4,43,5,103,100,101,0,601,55,6,165,250,347,,1231,434,319,-115,1048,706,525,-55,134,103,0.0
1915,212022,255734,156314,7724,-8,157048,31104,33170,43279,34818,19598,1,55,19103,4,24,1,2,3,84,1,1,1,13,106,2,5,,4,5,,4,32,5,111,100,102,0,526,54,11,146,299,339,,1324,1173,401,-772,1933,1162,884,-220,-55,-51,12.2
1916,216188,258483,143335,6064,-1,178778,35905,30732,43453,34830,19888,0,55,18979,1,24,1,3,4,77,1,1,2,18,102,2,6,,4,5,,5,36,5,120,100,103,0,527,51,8,149,358,396,,1519,1515,586,-929,3595,2190,2004,-140,90,99,18.2
1917,218004,260215,132117,6487,5,195570,25617,26233,43556,34831,20029,0,55,18737,1,24,1,4,5,90,2,2,2,25,104,3,5,,5,5,,5,39,5,125,100,104,0,613,49,9,135,419,446,,1770,1962,819,-1143,5457,4064,3785,-175,50,26,25.4
1918,222766,254580,130871,7875,3,186680,20010,26738,43516,34805,20160,1,55,18753,2,25,1,5,5,92,2,2,3,22,106,3,5,,4,5,,5,44,5,130,100,105,0,675,48,6,141,572,590,,2208,2287,999,-1288,7091,5921,5675,-460,-275,-247,22.1
1919,200732,236484,149782,10318,0,81981,29369,30059,43441,34634,19851,3,49,19097,0,23,1,5,6,91,2,3,3,10,110,3,6,,5,5,,5,46,4,116,100,106,0,922,52,5,140,621,697,,2546,1591,1180,-411,7777,7481,7125,-210,-45,-10,10.1
1920,185286,228472,150125,11978,-3,46917,31507,29891,43729,34968,20235,2,48,19554,-9,20,1,7,7,100,3,3,3,15,110,4,7,,5,6,,6,32,4,95,100,108,0,1068,62,6,99,611,684,,2699,1229,1250,21,7686,7876,7053,78,323,394,15.5
1921,166492,205349,137779,13707,-2,47337,25011,26374,43965,35274,17854,11,47,19619,0,21,1,5,4,103,2,3,3,-9,112,2,5,,5,7,,6,33,4,103,107,117,0,974,68,5,94,546,574,,2608,1324,1253,-71,7696,7623,7168,-43,178,185,-8.7
1922,176904,213742,143929,12653,1,44503,31546,30300,44394,35519,17821,10,46,19619,8,22,1,3,4,98,2,2,3,-14,105,2,3,,4,7,4,5,39,4,108,117,109,0,896,75,6,91,483,546,1563,2362,1172,1174,2,7790,7721,7503,1,190,199,-13.9
1923,182423,216459,148335,12990,0,41879,34619,32467,44628,35745,18051,8,46,19684,3,23,1,3,4,94,1,2,2,-6,103,2,4,,4,6,4,5,39,5,103,124,111,0,935,89,7,89,476,548,1537,2324,1048,1090,42,7734,7813,7487,-8,171,185,-6.0
1924,191378,224450,153246,15141,2,42299,35786,35657,44935,36065,18322,7,45,19782,5,23,1,3,4,91,1,2,2,-1,105,2,4,,4,6,4,5,42,4,99,124,108,0,991,107,7,89,478,549,1519,2321,1041,1028,-13,7676,7708,7437,-130,72,86,-0.5
1925,198406,233453,155908,17250,1,43663,35553,36638,45085,36198,18532,8,45,19944,2,24,1,3,4,88,2,2,2,0,106,2,5,,4,6,5,5,44,5,106,134,114,0,1041,131,7,87,474,539,1491,2320,1096,1048,-48,7642,7666,7299,-210,41,65,0.0
1926,191950,227520,156780,16743,-1,44608,32674,38028,45265,36383,18537,9,45,19977,-3,23,1,3,3,92,2,2,2,-1,104,2,5,,5,6,5,5,45,5,105,140,113,0,1088,154,7,88,468,537,1476,2353,1155,1057,-98,7648,7634,7262,-281,-24,-29,-0.5
1927,207621,245479,163573,18684,1,45133,36797,38642,45429,36562,19078,7,45,20107,6,24,1,3,3,92,1,2,2,-2,109,2,5,,5,6,5,5,49,5,104,133,106,0,1118,177,7,86,472,538,1494,2414,1132,1105,-27,7636,7653,7303,-171,94,92,-2.7
1928,209339,246516,165638,18473,-1,45657,37031,37456,45626,36796,19146,7,45,20334,0,24,1,3,3,90,1,2,2,0,108,2,5,,4,6,5,5,53,5,105,133,108,0,1179,204,7,84,465,545,1529,2514,1134,1128,-6,7623,7631,7308,-147,120,134,0.0
1929,215534,253282,169448,19443,1,46602,38275,39337,45730,36923,19420,7,45,20561,1,25,1,3,3,90,1,2,2,-1,109,2,5,5,5,6,6,5,49,5,104,133,107,0,1217,240,12,84,458,529,1438,2519,1159,1127,-32,7602,7621,7111,-177,92,99,-1.1
1930,213608,255016,171559,19527,1,47757,32908,38846,45891,37172,19057,11,45,20756,0,25,1,3,3,96,1,2,2,-3,111,1,3,4,4,6,4,6,40,5,104,136,108,0,1224,284,12,81,452,545,1489,2645,1197,1131,-66,7586,7596,7358,-221,31,28,-2.8
1931,202987,246126,174083,19147,-2,48806,26528,40277,46074,37395,18608,15,46,20886,-4,24,1,2,2,105,1,2,2,-4,114,1,6,5,4,6,5,6,30,5,102,128,103,0,1159,341,12,78,450,533,1383,2566,1228,1130,-98,7632,7583,6936,-297,-106,-98,-4.0
1932,203872,244355,173073,16701,0,48806,25945,35943,46335,37619,18696,15,46,20854,0,24,1,2,2,106,1,2,2,-3,114,1,2,4,4,6,4,5,32,4,85,103,89,0,1093,348,13,69,445,521,1483,2840,1195,1172,-23,7807,7648,7738,-189,-54,-73,-2.4
1933,210588,255096,179590,17292,-1,49541,26373,35902,46520,37782,19078,14,46,20659,2,25,1,2,2,107,1,2,2,-2,116,1,2,3,3,6,4,4,36,4,106,106,90,0,1079,380,14,70,456,596,1571,2883,1128,1147,19,7988,7860,8017,-165,-7,-32,-2.5
1934,223656,267934,184180,21003,2,50591,27384,37538,46666,37913,19625,12,46,20724,4,25,1,2,2,106,1,2,2,0,117,1,2,3,3,5,4,4,38,5,123,103,89,0,1144,427,15,72,468,595,1619,2964,1132,1155,23,7934,8030,8600,-191,-22,-113,0.0
1935,231881,278086,189366,21847,-1,54054,30885,39378,46869,38107,19976,11,46,20886,2,26,1,2,2,105,1,2,2,1,118,1,2,3,3,5,4,4,40,5,117,102,89,0,1232,475,14,73,491,598,1750,3143,1196,1181,-15,7902,7902,8331,-158,23,31,0.6
1936,243283,291429,196342,23871,1,59092,30029,40277,47081,38322,20607,9,46,21146,2,26,1,2,2,104,1,2,2,1,121,1,2,3,3,5,4,4,46,5,119,106,94,0,1315,526,14,75,538,654,1913,3373,1260,1224,-36,7908,7902,8251,-220,-25,-43,0.6
1937,251717,301318,198729,24672,1,65810,31546,41790,47289,38552,21299,8,46,21471,0,26,1,3,3,104,1,2,2,3,120,2,2,3,3,5,4,4,39,5,118,116,100,0,1438,571,14,76,565,693,1955,3475,1377,1298,-79,8089,7910,7947,-250,-46,-4,3.8
1938,253383,304768,197811,24968,-1,78510,29407,40972,47494,38749,21353,9,46,21828,1,26,1,3,2,107,1,2,2,2,123,1,2,3,3,5,4,4,35,5,120,119,100,0,1458,616,13,79,576,699,1919,3448,1566,1362,-204,8263,8149,8159,-246,-57,-204,1.2
1939,265149,314913,197306,22353,1,119129,27306,44407,47762,38973,22232,6,46,21886,2,27,1,3,2,106,1,2,2,3,120,1,2,3,4,5,4,4,34,4,114,108,95,0,1489,633,13,84,630,740,2093,3638,1976,1483,-493,8888,8301,8023,-393,-243,6,3.0
1940,295084,336217,172018,19401,0,274889,18515,46534,48226,39339,23030,3,45,21944,9,29,1,3,3,95,1,3,3,17,133,2,2,3,3,5,4,4,31,4,114,93,95,0,1387,608,14,90,705,815,2529,3968,3751,1901,-1850,10935,9083,8983,-994,-842,-649,16.8
1941,322364,365079,167474,15605,-1,347206,15909,39787,48216,39145,23927,1,45,22002,7,30,1,4,4,98,1,3,3,11,131,2,2,3,3,5,3,4,33,4,126,98,105,0,1255,577,12,96,838,1043,3147,4639,4971,2677,-2294,13558,11553,11665,-955,-827,-791,10.9
1942,328924,372143,167474,13496,-2,364630,14392,33571,48400,39371,24725,0,45,22060,0,30,1,4,4,105,1,3,3,7,138,2,2,3,3,5,3,4,36,4,122,98,102,0,1193,546,12,105,1016,1215,3609,5102,5557,3160,-2397,16311,14226,14441,-750,-668,-612,7.1
1943,334807,379615,166143,9279,1,375965,15870,33326,48789,39803,24924,0,44,22119,2,30,1,5,4,104,1,4,3,3,146,2,2,3,3,5,3,4,38,4,119,98,99,0,1172,517,13,114,1180,1374,4110,5683,6052,3667,-2385,19059,17006,17269,-772,-698,-519,3.3
1944,318563,362832,172385,7170,-3,351825,20071,37047,49016,40000,24625,0,44,22177,-3,29,1,5,5,105,1,4,3,3,145,2,2,3,3,5,3,4,40,4,120,98,100,0,1192,504,14,124,1362,1550,4613,6339,6205,3863,-2342,21842,19743,19887,-807,-738,-726,2.8
1945,301644,343135,185878,8013,0,287484,16415,34553,49182,40214,24127,0,44,22236,-3,28,1,5,5,103,1,4,3,3,140,3,2,3,3,5,3,4,42,4,121,98,101,1,1285,514,16,131,1507,1706,5016,6835,5563,3827,-1736,23466,22541,22828,-865,-845,-855,2.7
1946,292793,341134,203456,20244,2,156915,27579,35248,49217,40227,22930,2,43,22295,1,28,1,5,5,101,1,4,4,3,142,3,2,2,3,4,3,4,43,4,115,98,96,1,1494,574,18,142,1559,1809,5779,7766,4477,3854,-623,25271,23774,24170,-375,-153,-153,3.1
1947,288941,343379,212131,23618,1,110837,27617,35370,49539,40549,23030,2,43,22354,-1,28,1,6,6,96,2,4,4,7,142,3,2,2,3,4,3,4,41,4,107,98,89,1,1744,656,19,147,1545,1796,5854,8075,4036,3939,-97,25772,25771,26344,-555,-311,-311,7.0
1948,299509,353818,216124,25305,-1,106534,33647,34593,50033,40950,22994,2,43,22989,4,29,1,7,7,94,2,5,4,8,144,4,2,3,3,4,3,4,41,4,107,98,89,1,1956,750,17,169,1446,1670,5988,8302,4430,4910,480,25442,25773,25701,-216,83,83,7.6
1949,310671,362597,219965,28718,-1,112735,37332,37309,50331,41214,23020,2,42,23837,3,30,1,7,7,93,2,5,4,3,146,4,2,3,3,4,3,4,39,4,100,88,83,1,2157,855,15,170,1473,1715,5950,8407,4765,5347,582,25758,25332,25522,-181,34,34,2.9
1950,320464,373151,226191,31267,-2,112634,42641,37630,50572,41421,23232,2,42,24857,2,31,1,7,8,87,2,5,4,4,147,5,2,3,4,4,3,4,41,3,80,68,66,1,2334,950,15,163,1489,1815,6165,8737,4880,5479,599,25916,25900,25119,-59,337,337,3.1
1951,331648,380501,223466,33416,5,120857,42213,40273,50302,41228,23578,2,42,25864,2,31,1,9,11,81,2,6,5,9,148,7,3,3,4,4,3,4,42,3,81,68,67,1,2621,1038,14,163,1570,1795,6142,8736,5781,5875,94,25899,25922,25216,-661,-331,-331,9.1
1952,338373,391140,223874,37116,-3,132446,41366,37286,50444,41367,23565,2,42,26676,2,32,1,9,10,87,2,6,5,11,145,7,4,4,4,4,4,5,39,3,87,68,72,1,2463,1133,12,163,1672,1880,6101,8992,6434,6160,-274,26011,25891,23815,-151,227,227,9.2
1953,357566,409511,233934,46596,0,135898,43098,40229,50593,41515,23678,2,42,27676,5,34,1,9,9,90,2,6,5,4,148,7,4,4,4,5,4,5,46,3,90,68,75,1,2545,1252,12,158,1762,2000,6272,9439,6863,6331,-532,26450,26051,24379,-124,201,201,3.1
1954,373614,421177,243886,51660,-1,135487,45524,41701,50765,41673,24013,2,41,28819,2,35,1,8,9,89,2,7,6,2,154,7,3,3,4,5,4,5,61,3,92,68,76,1,2866,1411,12,161,1870,2110,6560,9939,6950,6673,-277,26846,26583,25429,-99,156,156,2.0
1955,387108,438241,254201,55907,1,132209,48665,45833,50946,41838,24272,2,41,30166,2,36,1,9,10,88,2,7,6,5,159,7,5,4,4,5,4,5,62,3,96,68,80,1,2968,1571,12,166,2008,2168,6449,9867,7024,7080,56,27013,26934,25236,-277,-112,-112,4.4
1956,394376,449833,255620,60485,0,130874,50907,45998,51184,42059,24488,2,41,31631,1,36,1,9,10,92,2,8,6,5,164,7,6,5,5,5,5,6,57,3,100,68,83,1,3139,1684,11,173,2138,2273,6481,10168,7650,7477,-173,27016,27039,24046,69,244,244,5.1
1957,402797,458633,261143,63783,0,129160,52247,47169,51431,42296,24517,2,41,33298,1,37,1,9,10,92,2,8,6,4,166,8,7,5,5,6,5,6,55,3,100,68,83,1,3219,1941,11,180,2240,2398,6476,10556,7968,7920,-48,27176,27008,24118,81,267,267,3.5
1958,406918,467406,268504,67787,-1,125756,51463,47709,51653,42494,24252,3,40,34911,1,37,1,9,10,96,2,9,7,3,167,8,4,5,5,6,5,6,73,3,101,69,84,1,3613,2088,10,182,2288,2455,6656,11021,8455,8482,27,27340,27232,23835,139,370,370,3.2
1959,422319,481006,280165,73191,0,128029,52877,50885,51956,42763,23735,3,40,36639,5,40,1,9,10,96,2,9,7,1,171,8,4,5,5,6,4,6,105,3,100,71,83,1,4386,2347,10,185,2355,2536,7012,11647,8997,8486,-511,27644,27376,24577,-13,183,183,0.4
1960,450306,506962,290913,84960,2,130570,55896,57015,52373,43146,24157,2,40,38593,4,41,1,9,10,95,2,9,7,1,179,8,5,6,5,6,5,6,100,3,99,72,83,1,4941,2593,10,191,2496,2664,6949,11888,9534,8864,-670,28122,27733,24557,-382,-222,-222,1.0
1961,463124,523220,297403,91836,-1,135303,57686,56609,52807,43566,24431,2,39,40676,1,42,1,9,10,96,2,10,7,3,186,8,6,6,6,6,6,7,97,3,101,71,84,1,5204,2791,10,204,2596,2749,6944,12259,10398,9690,-708,28569,28252,24684,-112,67,67,3.5
1962,469020,529252,304198,92687,-1,139489,58669,57812,53290,44006,24606,3,39,42410,0,42,1,9,10,97,2,10,7,4,184,8,5,6,6,7,5,7,95,3,105,71,87,1,5705,3058,10,209,2595,2757,7126,12839,11073,10578,-495,29555,28674,25111,-75,175,175,4.3
1963,493612,557178,318471,94861,1,142386,61538,60006,53624,44311,24635,3,39,44026,1,43,1,10,10,95,2,11,7,2,188,8,4,5,6,6,5,6,108,3,105,71,88,1,6565,3543,9,206,2708,2875,7708,13817,11729,11117,-612,30132,29848,26666,-141,148,148,1.9
1964,521278,584808,329004,110224,2,145300,63565,66512,53991,44648,24924,2,38,46206,4,45,1,10,10,95,2,12,7,3,198,8,7,6,6,6,6,7,97,3,107,71,89,2,7603,4059,9,208,2875,3092,8019,14883,12793,12062,-731,30387,30226,26805,-610,-352,-352,3.3
1965,534185,595111,333630,115389,-1,148920,66338,67134,54350,44979,25177,2,38,48514,1,46,1,10,10,96,2,13,8,4,203,9,6,7,6,7,7,7,104,3,110,71,90,2,8220,4458,9,212,3048,3229,8243,16294,14294,13552,-742,31116,30441,26413,-358,-62,-62,4.7
1966,541616,607096,340133,115141,0,153478,69779,68841,54645,45265,25328,2,37,50758,1,46,1,10,11,97,2,13,8,4,207,9,7,7,7,7,7,8,92,3,111,71,90,2,8704,5034,9,221,3132,3333,8212,17355,15572,14821,-751,31825,31341,27227,-105,123,123,3.9
1967,554064,621333,349172,125191,0,162184,70157,73784,54961,45562,24966,3,37,53294,3,48,1,11,11,99,2,14,8,2,211,9,8,7,7,7,7,8,122,3,109,70,88,2,9630,5809,9,220,3302,3489,8773,19496,17840,16480,-1360,33642,31986,28347,-495,-298,-298,2.6
1968,585261,647437,359837,138923,0,164550,78768,79370,55213,45791,24815,3,36,56122,6,51,1,11,12,96,2,15,9,4,220,9,7,8,7,7,8,8,169,2,94,62,78,2,10603,6600,8,235,3464,3614,9075,21156,19417,18610,-807,34037,34194,29770,-437,-301,-301,4.7
1969,596905,663245,362714,137694,0,161833,86478,81971,55459,46014,24831,3,36,58760,1,52,1,12,12,96,2,16,9,5,225,10,8,9,9,8,8,10,142,2,94,63,79,2,11440,7293,8,215,3630,3746,9098,22235,20233,20791,558,33305,33984,28342,99,411,411,5.4
1970,612620,695578,373695,142768,0,164613,91071,86004,55629,46167,24727,4,36,61739,2,53,1,13,13,97,2,18,10,7,238,10,7,9,9,9,8,10,134,2,95,62,79,2,12759,8299,8,243,3885,3962,9947,24897,22181,22936,755,33351,33079,28043,349,731,731,6.4
1971,635811,712682,386068,153142,0,170420,97592,90524,55928,46412,24507,4,35,64304,4,56,1,13,13,98,2,21,11,9,243,11,5,8,9,9,7,10,188,2,101,62,82,2,14969,9810,8,247,4090,4159,11474,28965,24677,24422,-255,35241,33442,28272,722,1023,1023,9.4
1972,663487,742796,411057,160483,0,178544,98855,99457,56097,46572,24579,4,36,66813,2,58,1,14,14,99,2,23,11,7,256,12,9,8,9,8,7,10,221,3,108,60,80,3,20193,12112,7,290,4589,4705,13063,35257,27553,26060,-1493,36624,35840,31709,-126,30,30,7.1
1973,708711,789052,433902,163546,2,185171,111241,110498,56223,46686,24965,4,36,70186,4,61,1,15,17,89,3,27,12,9,268,13,13,11,11,10,11,11,145,2,109,53,73,5,25542,14192,8,319,5030,5184,13922,43104,31747,29007,-2740,39315,36885,30403,-1793,-1227,-1227,9.1
1974,692700,749149,428332,151352,-1,188483,119667,111782,56236,46683,25029,4,35,73087,-3,60,1,19,24,79,12,32,14,16,275,16,12,14,15,11,13,16,65,2,108,52,72,5,28814,15611,8,362,5807,5992,15447,47815,40558,36248,-4310,49105,40125,30107,-4099,-3483,-3483,16.0
1975,682698,738017,427571,142319,-2,199440,116461,104672,56226,46674,24933,4,35,75247,-1,59,1,23,28,84,12,41,18,23,289,19,11,13,15,11,11,16,154,2,116,48,74,5,30424,18149,8,530,6459,6660,17543,53587,53313,46102,-7211,61579,40844,37840,-1715,-1873,-1873,24.2
1976,701255,756518,429960,143301,2,202561,127193,110107,56216,46660,24786,5,35,77541,3,61,1,28,33,83,13,48,20,16,291,23,14,14,14,11,12,15,142,2,103,41,68,6,35256,21472,7,514,7231,7419,19353,59968,62808,54847,-7961,71366,50973,45155,-1264,-1178,-1178,16.5
1977,717440,765708,428596,145538,1,200029,135904,112242,56190,46640,24809,6,35,80663,1,63,1,32,38,84,14,52,23,15,279,27,7,12,12,11,11,13,212,2,107,39,68,6,40295,25268,6,556,8228,8372,24067,68888,67933,62097,-5836,78050,59982,57449,1197,-522,-522,15.8
1978,744171,810151,451454,156270,0,203451,138450,116538,56178,46638,24940,6,35,83765,2,64,1,34,39,88,14,59,25,7,294,29,13,12,12,10,12,13,224,2,118,39,67,7,47059,30108,6,620,9387,9550,27996,79334,77253,68919,-8334,86339,69906,69693,2422,562,562,8.3
1979,768885,844402,472608,169696,0,206590,143660,127756,56240,46698,25195,5,35,87074,2,66,1,38,43,89,32,69,28,11,308,33,17,13,11,11,17,13,231,2,130,42,73,9,56602,35379,6,667,10463,10671,30545,90823,90104,80740,-9364,95795,79008,77632,955,-1294,-1294,13.4
1980,753463,833265,473241,158737,-2,208988,143304,123425,56330,46787,25086,7,34,89536,-1,65,1,44,47,93,37,84,32,15,325,38,14,14,12,14,18,14,293,2,145,46,82,11,67439,40968,5,733,11032,11300,31894,106502,110261,100220,-10041,109924,87931,79514,5407,1404,1404,18.0
1981,749574,829898,475134,148198,0,208794,142559,120111,56358,46821,24430,10,34,90664,2,66,1,47,51,93,36,96,36,12,330,42,15,15,13,14,15,15,310,2,128,46,83,12,79631,48688,5,1043,11630,11920,35601,121459,124851,116026,-8825,122358,105089,96018,7602,4434,4434,11.9
1982,766837,838340,481268,155821,1,210090,144249,126038,56291,46777,23951,11,34,92099,3,69,1,50,54,93,33,105,39,8,335,46,10,13,12,13,14,14,379,2,112,44,79,12,96591,60441,4,673,12025,12275,39799,136716,137565,130206,-7359,130709,111165,104434,5689,1782,1782,8.6
1983,798963,874364,502456,167089,1,213382,147173,134359,56316,46814,23775,11,33,94302,4,72,1,54,58,93,30,114,41,5,347,49,9,11,10,12,11,12,465,2,99,41,73,13,111875,73252,5,1837,12809,12966,44290,154809,150793,140211,-10582,140840,123344,126396,3299,769,769,4.6
1984,814588,896194,515266,177847,0,215910,157232,147622,56409,46912,24285,12,34,96780,-1,72,1,58,63,92,29,121,43,4,354,52,10,11,10,12,11,12,578,1,87,39,68,15,131973,87871,4,1308,13481,13711,51367,175809,160718,148295,-12423,153664,136577,140352,131,-1855,-1855,5.0
1985,850472,934886,542087,181405,0,215253,166397,151366,56554,47057,24592,11,34,99636,3,74,1,61,66,93,28,132,45,5,367,55,12,11,10,13,14,11,675,1,86,40,68,16,154524,104142,5,1667,13981,14256,61129,201739,170456,159893,-10563,161102,148091,150702,4488,-1165,-1165,6.1
1986,874906,970289,574404,179088,0,218513,173338,161896,56684,47188,24746,11,34,102686,2,76,1,56,63,90,14,142,46,3,384,55,11,10,9,12,13,11,818,1,98,38,64,18,185297,125386,5,1604,14685,15016,75427,233519,176928,167971,-8957,166431,163729,176217,-2090,-4269,-4269,3.4
1987,921096,1020118,603762,201290,0,218961,184543,174862,56804,47300,25239,10,34,107265,2,79,1,58,65,89,18,154,48,3,401,57,9,10,9,11,12,11,845,2,110,37,63,21,220528,148092,4,1744,15458,15727,92780,272491,185608,179014,-6594,167474,177770,191567,-3483,-7879,-7879,4.2
1988,973504,1083808,648722,232441,1,219371,186710,197303,56916,47412,26070,9,34,112889,2,80,1,58,64,90,15,168,50,4,422,59,13,10,9,11,12,11,915,2,119,40,66,26,274469,179159,3,1868,16654,16818,105968,319313,193956,197530,3574,157135,189679,203443,-15094,-19685,-19685,4.9
1989,999421,1128015,673792,243717,0,221327,196093,212063,57076,47553,26749,7,34,118927,-1,80,1,62,68,91,18,184,52,5,440,62,15,10,9,14,16,11,1175,2,110,38,65,32,333013,207058,3,1909,17615,17867,124257,377046,211023,214824,3801,152374,185391,194957,-18323,-25056,-25056,7.8
1990,1008975,1136871,681303,237479,-1,226653,207133,213341,57237,47699,26871,7,33,124521,0,81,1,64,70,92,24,203,56,7,454,66,14,12,11,15,17,13,1040,2,121,38,66,31,379832,234511,3,2019,18108,18272,132876,422204,231923,227642,-4281,151267,178503,170497,-11117,-20673,-20673,9.5
1991,1001702,1123071,677683,218605,0,233409,207682,204065,57439,47875,26162,9,33,129898,1,82,1,65,71,93,20,219,60,8,455,70,11,10,10,13,14,11,1157,2,124,38,68,31,404632,257439,3,2054,18625,18901,137986,447467,252469,234095,-18374,162074,179549,180637,-2550,-9303,-9303,5.9
1992,1006832,1114625,683769,215067,0,235641,216556,217926,57585,47998,25540,10,33,133270,2,85,1,67,71,95,19,232,63,4,463,72,7,9,9,10,11,10,1324,2,125,37,66,30,421588,276065,3,2085,19302,19529,142918,462935,277024,236475,-40549,192851,195947,195179,-4847,-11114,-11114,3.7
1993,1032585,1136351,704579,216704,0,234234,226286,225306,57714,48102,25303,10,33,137447,2,88,1,73,77,96,17,239,64,3,465,75,6,7,8,8,8,9,1629,2,106,34,60,29,438015,292712,3,2182,20345,20626,152065,483504,290623,239232,-51391,234900,237877,251199,-2658,-10167,-10167,1.6
1994,1070171,1180778,727946,220161,1,236892,247265,238668,57862,48229,25504,9,33,142416,1,90,1,74,79,94,16,248,65,2,473,77,6,8,8,8,8,9,1502,2,107,34,59,30,461166,310989,3,2292,21660,21862,156882,506377,302771,256289,-46482,278400,286878,304459,-185,-3917,-3917,2.4
1995,1093489,1199992,743484,219121,0,240149,270744,251970,58025,48383,25818,9,33,148400,0,91,1,77,83,92,17,256,67,3,476,80,7,8,8,8,8,9,1783,2,110,33,57,30,500566,325743,3,2311,22850,23141,175694,555945,317775,278615,-39160,313600,327923,329144,2394,-5700,-5700,3.5
1996,1119779,1241767,771675,229349,0,241774,290776,275924,58164,48519,26060,8,33,154980,0,92,1,79,84,94,21,265,69,2,482,82,6,8,8,7,8,9,1976,2,109,33,58,31,545137,343848,3,2412,24416,24668,188667,608522,321511,291671,-29840,341900,365563,367663,1604,-5193,-5193,2.4
1997,1152278,1284086,810096,225752,0,240964,313626,298667,58314,48665,26526,7,33,163185,0,93,1,76,79,97,19,277,70,2,494,83,7,7,7,7,8,8,2388,2,114,38,67,34,593918,363701,3,2531,26013,26268,210881,680128,327764,312320,-15444,364000,389901,391032,3828,-1799,-1799,3.1
1998,1191098,1336487,841376,243682,0,249051,323973,326008,58475,48821,26795,6,33,172298,2,96,1,72,74,97,13,292,71,2,512,83,6,6,6,8,9,7,2596,2,115,40,70,38,639782,383963,3,2643,27541,27899,227894,741334,339254,339798,544,361200,393749,421064,-7910,-4187,-4187,3.4
1999,1231936,1358139,881492,250037,0,257905,330714,347635,58684,49033,27168,6,33,181021,1,97,1,73,74,99,18,305,72,1,528,83,6,5,5,7,7,6,3147,2,111,39,70,42,697942,413846,10,2817,30772,31093,248088,770692,348819,359857,11038,364400,396151,445661,-16169,-24651,-24651,1.5
2000,1278830,1428839,923822,258770,0,266611,361425,379741,58886,49233,27484,5,33,190376,2,100,1,74,76,98,28,318,73,1,546,84,6,5,5,7,8,7,2990,2,101,40,70,48,781293,445485,8,3001,32212,32515,274847,831569,368575,387856,19281,328200,390359,428259,-20439,-23228,-23228,3.0
2001,1310431,1475868,956850,255914,1,277611,363181,392150,59113,49450,27712,5,32,198157,1,102,1,75,76,98,24,334,74,1,567,84,4,5,5,6,7,7,2508,1,95,39,69,52,847739,487126,4,3165,34844,35000,304726,884851,392059,398669,6610,328800,379238,440236,-26108,-21741,-21741,1.8
2002,1338365,1528275,992187,263108,0,289632,365913,408078,59366,49679,27944,5,32,205566,1,103,1,73,74,99,25,345,75,1,578,84,4,5,5,5,6,6,1901,2,99,40,69,61,928144,549738,4,3286,37031,37238,333028,944955,422542,403315,-19227,358800,377362,424901,-32945,-23431,-23431,1.7
2003,1385736,1585250,1029234,269400,0,301956,385720,429096,59637,49926,28221,5,32,213007,2,106,1,75,74,101,29,356,76,1,588,85,4,5,5,5,6,6,2169,2,107,39,65,69,1031279,625759,4,3428,39844,40001,368452,1006433,459394,427168,-32226,390200,397283,459141,-30386,-20553,-20553,2.9
2004,1418069,1630040,1064100,277286,0,312566,407921,460394,59950,50195,28530,5,32,219862,0,107,1,74,74,101,38,371,77,1,606,85,5,5,5,5,6,6,2372,2,118,40,67,78,1150162,700753,4,3546,42183,42284,412559,1079428,495885,460846,-35039,448700,438275,492331,-35397,-23006,-23006,3.0
2005,1464210,1688670,1095514,287077,0,320037,430378,480161,60413,50606,28850,5,32,227914,2,109,1,77,76,100,55,389,78,2,621,87,5,4,4,5,6,5,2806,2,116,40,66,82,1283538,767853,4,3667,43645,44273,465844,1185560,534479,494498,-39981,492200,491039,546937,-36502,-16743,-16743,2.8
2006,1500097,1709160,1113261,296121,0,327045,471697,515865,60827,50965,29138,5,32,235660,1,111,1,78,78,100,65,407,80,2,636,89,5,4,4,5,6,5,3190,2,116,40,67,88,1466929,852053,4,3796,45846,66051,510573,1304358,561242,523916,-37326,527300,538070,608274,-36113,-32363,-32363,3.2
2007,1538059,1756793,1145189,312995,0,330821,489880,535235,61319,51381,29378,5,32,245540,1,113,1,77,78,99,72,427,82,2,652,91,6,5,5,6,7,6,3267,2,125,41,69,97,1611184,930927,5,3853,48584,72452,544073,1442989,590694,553724,-36970,562500,577342,630375,-39942,-37490,-37490,4.3
2008,1531690,1713032,1137565,292575,0,337665,495451,525446,61824,51816,29628,6,32,253641,-2,111,1,84,88,96,97,442,85,4,651,97,2,5,5,6,7,7,2129,2,116,36,60,93,1715072,984347,6,3948,52088,95186,534237,1496955,643692,561916,-81776,733300,618638,690335,-46189,-55002,-55002,4.0
2009,1463182,1636670,1100941,248099,0,341515,452338,477277,62260,52196,29156,8,31,255568,-3,108,1,88,90,97,62,441,87,2,637,97,1,4,5,4,3,6,2708,2,100,32,54,85,1700763,1007337,11,3996,55715,201545,574379,1518131,686259,532431,-153828,938900,804209,898952,-34355,-44831,-44831,-0.5
2010,1494588,1670575,1107273,260396,2,342139,478555,516287,62759,52642,29228,8,32,259292,1,110,1,92,94,98,79,452,89,3,631,100,1,4,5,4,3,5,3040,2,101,32,55,89,1685757,1020949,16,4078,57900,197853,580083,1556035,712512,568887,-143625,1136900,1058005,1166540,-42593,-43062,-43062,4.6
2011,1514583,1682162,1102262,265327,0,342825,506505,520431,63285,53107,29376,8,32,263607,1,111,1,98,100,97,111,462,93,4,618,105,1,3,4,3,3,5,2814,2,106,32,56,88,1709788,1032411,15,4108,61017,224922,578774,1577787,715649,600389,-115260,1240700,1194428,1307679,-27060,-29088,-29088,5.2
2012,1530435,1681556,1121061,271534,0,348572,509954,536270,63705,53494,29696,8,32,268886,-1,111,1,97,100,98,112,469,96,3,609,107,1,2,4,3,3,4,3099,2,105,33,58,88,1699796,1043272,19,4266,63564,339248,617849,1660130,735765,606419,-129346,1349700,1329598,1569916,-37334,-61433,-61433,2.8
2013,1551553,1702359,1138546,280224,1,349615,515827,555065,64106,53866,30044,8,32,274195,0,111,1,100,100,100,109,474,99,3,601,108,1,2,4,3,3,4,3515,2,105,32,58,91,1709205,1056399,24,4296,66610,365438,683952,1722147,730662,627760,-102902,1454000,1404319,1731089,-39238,-76442,-76442,2.6
2014,1604169,1749880,1163136,298872,1,357590,524340,570153,64597,54317,30757,6,32,280218,1,112,1,97,96,102,99,480,100,1,600,108,1,3,4,3,3,4,3511,2,110,35,62,98,1736906,1081347,23,4487,70404,370991,734574,1797282,751173,649536,-101637,1556000,1502068,1736853,-36223,-84998,-84998,1.5
2015,1642802,1793997,1190789,309144,0,362262,556220,601617,65110,54786,31296,5,32,287407,0,113,1,93,91,102,52,492,100,0,614,107,1,2,3,3,3,3,3401,2,102,36,66,104,1797198,1114710,23,4655,74245,380103,780106,1866046,752904,673899,-79005,1610500,1581986,2005548,-29788,-80233,-80233,0.1
2016,1672084,1843502,1223627,310816,-1,365281,566242,618536,65573,55219,31741,5,32,294233,0,113,1,97,94,102,44,503,101,1,625,106,0,1,2,2,3,3,3779,1,90,33,58,111,1908201,1155301,22,4795,80396,447940,802754,2000228,766473,709672,-56801,1701800,1628685,2070854,-37026,-84504,-84504,0.8
